-- EcoEquivalencias - Scientific Seed v2 (expanded from workbook + EPA refs)
-- Generated on 2026-02-22 from "Herramienta Eco Equivalencia .xlsx"
begin;

update public.dataset_versions
set status = 'archived'::public.version_status,
    valid_to = coalesce(valid_to, current_date),
    updated_at = now()
where status = 'published'::public.version_status;

delete from public.resources where version_id = '22222222-2222-2222-2222-222222222222';
delete from public.equivalences where version_id = '22222222-2222-2222-2222-222222222222';

insert into public.dataset_versions (id, name, status, valid_from, notes)
values

  ('22222222-2222-2222-2222-222222222222', 'Scientific v2 (WARM workbook expanded)', 'published', '2026-02-22',
   'Dataset ampliado con 47 recursos trazables del workbook WARM/EPA y ecoequivalencias base + derivadas')

on conflict (id) do update set
  name = excluded.name,
  status = excluded.status,
  valid_from = excluded.valid_from,
  notes = excluded.notes,
  valid_to = null,
  updated_at = now();

insert into public.sources (id, key, author, organization, title, year, url, doi, accessed_at, notes, is_demo)
values
  ('21000000-0000-0000-0000-000000000001','epa-ghg-calculator-en','US EPA','US EPA','Greenhouse Gas Equivalencies Calculator',2025,'https://www.epa.gov/energy/greenhouse-gas-equivalencies-calculator',null,'2026-02-22','Fuente principal de equivalencias públicas',false),
  ('21000000-0000-0000-0000-000000000002','epa-ghg-calculator-calcs','US EPA','US EPA','Greenhouse Gas Equivalencies Calculator: Calculations and References',2025,'https://www.epa.gov/energy/greenhouse-gas-equivalencies-calculator-calculations-and-references',null,'2026-02-22','Factores y fórmulas detalladas',false),
  ('21000000-0000-0000-0000-000000000003','epa-ghg-calculator-es','US EPA','US EPA','Calculadora de Equivalencias de Gases de Efecto Invernadero (Español)',2025,'https://espanol.epa.gov/la-energia-y-el-medioambiente/calculadora-de-equivalencias-de-gases-de-efecto-invernadero-calculos',null,'2026-02-22','Referencia metodológica en español',false),
  ('21000000-0000-0000-0000-000000000004','epa-warm-versions','US EPA','US EPA','Versions of the Waste Reduction Model (WARM)',2025,'https://www.epa.gov/warm/versions-waste-reduction-model-warm',null,'2026-02-22','Marco de factores de manejo de residuos',false),
  ('21000000-0000-0000-0000-000000000005','ipcc-2006-v2-c2','IPCC','IPCC','2006 IPCC Guidelines - Stationary Combustion',2006,'https://www.ipcc-nggip.iges.or.jp/public/2006gl/pdf/2_Volume2/V2_2_Ch2_Stationary_Combustion.pdf',null,'2026-02-22','Base metodológica de oxidación completa',false),
  ('21000000-0000-0000-0000-000000000006','ecoequivalencias-workbook-2026','Equipo EcoEquivalencias','EcoEquivalencias','Herramienta Eco Equivalencia (workbook interno)',2026,null,null,'2026-02-22','Base operativa con factores por material y equivalencias validadas con EPA/WARM',false),
  ('21000000-0000-0000-0000-000000000007','ecoequivalencias-ux-assumptions-2026','Equipo EcoEquivalencias','EcoEquivalencias','Supuestos operativos UX para equivalencias de uso cotidiano',2026,null,null,'2026-02-22','Supuestos explícitos para agua, duchas, riego y usos eléctricos residenciales',false)
on conflict (id) do update set
  key = excluded.key,
  author = excluded.author,
  organization = excluded.organization,
  title = excluded.title,
  year = excluded.year,
  url = excluded.url,
  accessed_at = excluded.accessed_at,
  notes = excluded.notes,
  is_demo = excluded.is_demo,
  updated_at = now();

insert into public.resources (id, version_id, slug, name, category, base_unit, factor_kgco2e_per_base_unit, explanation, confidence, source_note)
values
  ('32000000-0000-0000-0000-000000000001','22222222-2222-2222-2222-222222222222','contenedores-de-corrugado','Contenedores de corrugado','Papel y cartón','kg',3.656330,'Factor de emisiones evitadas derivado del workbook (columna de reducción neta), equivalente a 3.316966757 tCO2e por tonelada corta de material.','high','Workbook Emisiones Tipo Manejo (base WARM/EPA), reducción neta vs escenario de referencia.'),
  ('32000000-0000-0000-0000-000000000002','22222222-2222-2222-2222-222222222222','tetrapak','Tetrapak','Papel y cartón','kg',3.312073,'Factor de emisiones evitadas derivado del workbook (columna de reducción neta), equivalente a 3.004661983 tCO2e por tonelada corta de material.','high','Workbook Emisiones Tipo Manejo (base WARM/EPA), reducción neta vs escenario de referencia.'),
  ('32000000-0000-0000-0000-000000000003','22222222-2222-2222-2222-222222222222','revistas-correo','Revistas / Correo','Papel y cartón','kg',2.913250,'Factor de emisiones evitadas derivado del workbook (columna de reducción neta), equivalente a 2.642855730 tCO2e por tonelada corta de material.','high','Workbook Emisiones Tipo Manejo (base WARM/EPA), reducción neta vs escenario de referencia.'),
  ('32000000-0000-0000-0000-000000000004','22222222-2222-2222-2222-222222222222','papel-de-diario','Papel de diario','Papel y cartón','kg',2.052650,'Factor de emisiones evitadas derivado del workbook (columna de reducción neta), equivalente a 1.862132713 tCO2e por tonelada corta de material.','high','Workbook Emisiones Tipo Manejo (base WARM/EPA), reducción neta vs escenario de referencia.'),
  ('32000000-0000-0000-0000-000000000005','22222222-2222-2222-2222-222222222222','papel-de-oficina','Papel de oficina','Papel y cartón','kg',4.406622,'Factor de emisiones evitadas derivado del workbook (columna de reducción neta), equivalente a 3.997620587 tCO2e por tonelada corta de material.','high','Workbook Emisiones Tipo Manejo (base WARM/EPA), reducción neta vs escenario de referencia.'),
  ('32000000-0000-0000-0000-000000000006','22222222-2222-2222-2222-222222222222','guias-de-telefono','Guías de teléfono','Papel y cartón','kg',1.957861,'Factor de emisiones evitadas derivado del workbook (columna de reducción neta), equivalente a 1.776141400 tCO2e por tonelada corta de material.','high','Workbook Emisiones Tipo Manejo (base WARM/EPA), reducción neta vs escenario de referencia.'),
  ('32000000-0000-0000-0000-000000000007','22222222-2222-2222-2222-222222222222','libros-de-colegio','Libros de colegio','Papel y cartón','kg',4.671985,'Factor de emisiones evitadas derivado del workbook (columna de reducción neta), equivalente a 4.238353330 tCO2e por tonelada corta de material.','high','Workbook Emisiones Tipo Manejo (base WARM/EPA), reducción neta vs escenario de referencia.'),
  ('32000000-0000-0000-0000-000000000008','22222222-2222-2222-2222-222222222222','papel-mezclado-general','Papel mezclado (general)','Papel y cartón','kg',3.990617,'Factor de emisiones evitadas derivado del workbook (columna de reducción neta), equivalente a 3.620226561 tCO2e por tonelada corta de material.','medium','Workbook Emisiones Tipo Manejo (base WARM/EPA), reducción neta vs escenario de referencia.'),
  ('32000000-0000-0000-0000-000000000009','22222222-2222-2222-2222-222222222222','papel-mezclado-residencial','Papel mezclado (residencial)','Papel y cartón','kg',3.924873,'Factor de emisiones evitadas derivado del workbook (columna de reducción neta), equivalente a 3.560585173 tCO2e por tonelada corta de material.','medium','Workbook Emisiones Tipo Manejo (base WARM/EPA), reducción neta vs escenario de referencia.'),
  ('32000000-0000-0000-0000-000000000010','22222222-2222-2222-2222-222222222222','papel-mezclado-oficinas','Papel mezclado (oficinas)','Papel y cartón','kg',4.071045,'Factor de emisiones evitadas derivado del workbook (columna de reducción neta), equivalente a 3.693189777 tCO2e por tonelada corta de material.','medium','Workbook Emisiones Tipo Manejo (base WARM/EPA), reducción neta vs escenario de referencia.'),
  ('32000000-0000-0000-0000-000000000011','22222222-2222-2222-2222-222222222222','residuos-de-alimentos','Residuos de alimentos','Orgánicos','kg',0.675808,'Factor de emisiones evitadas derivado del workbook (columna de reducción neta), equivalente a 0.613082634 tCO2e por tonelada corta de material.','medium','Workbook Emisiones Tipo Manejo (base WARM/EPA), reducción neta vs escenario de referencia.'),
  ('32000000-0000-0000-0000-000000000012','22222222-2222-2222-2222-222222222222','residuos-de-alimentos-sin-carne','Residuos de alimentos (sin carne)','Orgánicos','kg',0.675808,'Factor de emisiones evitadas derivado del workbook (columna de reducción neta), equivalente a 0.613082634 tCO2e por tonelada corta de material.','medium','Workbook Emisiones Tipo Manejo (base WARM/EPA), reducción neta vs escenario de referencia.'),
  ('32000000-0000-0000-0000-000000000013','22222222-2222-2222-2222-222222222222','residuos-de-alimentos-solo-carne','Residuos de alimentos (sólo carne)','Orgánicos','kg',0.675808,'Factor de emisiones evitadas derivado del workbook (columna de reducción neta), equivalente a 0.613082634 tCO2e por tonelada corta de material.','medium','Workbook Emisiones Tipo Manejo (base WARM/EPA), reducción neta vs escenario de referencia.'),
  ('32000000-0000-0000-0000-000000000014','22222222-2222-2222-2222-222222222222','carne','Carne','Orgánicos','kg',0.675808,'Factor de emisiones evitadas derivado del workbook (columna de reducción neta), equivalente a 0.613082634 tCO2e por tonelada corta de material.','medium','Workbook Emisiones Tipo Manejo (base WARM/EPA), reducción neta vs escenario de referencia.'),
  ('32000000-0000-0000-0000-000000000015','22222222-2222-2222-2222-222222222222','pollos','Pollos','Orgánicos','kg',0.675808,'Factor de emisiones evitadas derivado del workbook (columna de reducción neta), equivalente a 0.613082634 tCO2e por tonelada corta de material.','medium','Workbook Emisiones Tipo Manejo (base WARM/EPA), reducción neta vs escenario de referencia.'),
  ('32000000-0000-0000-0000-000000000016','22222222-2222-2222-2222-222222222222','granos','Granos','Orgánicos','kg',0.675808,'Factor de emisiones evitadas derivado del workbook (columna de reducción neta), equivalente a 0.613082634 tCO2e por tonelada corta de material.','medium','Workbook Emisiones Tipo Manejo (base WARM/EPA), reducción neta vs escenario de referencia.'),
  ('32000000-0000-0000-0000-000000000017','22222222-2222-2222-2222-222222222222','pan','Pan','Orgánicos','kg',0.675808,'Factor de emisiones evitadas derivado del workbook (columna de reducción neta), equivalente a 0.613082634 tCO2e por tonelada corta de material.','medium','Workbook Emisiones Tipo Manejo (base WARM/EPA), reducción neta vs escenario de referencia.'),
  ('32000000-0000-0000-0000-000000000018','22222222-2222-2222-2222-222222222222','frutas-y-verduras','Frutas y verduras','Orgánicos','kg',0.675808,'Factor de emisiones evitadas derivado del workbook (columna de reducción neta), equivalente a 0.613082634 tCO2e por tonelada corta de material.','medium','Workbook Emisiones Tipo Manejo (base WARM/EPA), reducción neta vs escenario de referencia.'),
  ('32000000-0000-0000-0000-000000000019','22222222-2222-2222-2222-222222222222','productos-lacteos','Productos lácteos','Orgánicos','kg',0.675808,'Factor de emisiones evitadas derivado del workbook (columna de reducción neta), equivalente a 0.613082634 tCO2e por tonelada corta de material.','medium','Workbook Emisiones Tipo Manejo (base WARM/EPA), reducción neta vs escenario de referencia.'),
  ('32000000-0000-0000-0000-000000000020','22222222-2222-2222-2222-222222222222','pasto','Pasto','Orgánicos','kg',0.186632,'Factor de emisiones evitadas derivado del workbook (columna de reducción neta), equivalente a 0.169309441 tCO2e por tonelada corta de material.','medium','Workbook Emisiones Tipo Manejo (base WARM/EPA), reducción neta vs escenario de referencia.'),
  ('32000000-0000-0000-0000-000000000021','22222222-2222-2222-2222-222222222222','hdpe','HDPE','Plásticos','kg',0.858375,'Factor de emisiones evitadas derivado del workbook (columna de reducción neta), equivalente a 0.778704714 tCO2e por tonelada corta de material.','high','Workbook Emisiones Tipo Manejo (base WARM/EPA), reducción neta vs escenario de referencia.'),
  ('32000000-0000-0000-0000-000000000022','22222222-2222-2222-2222-222222222222','pet','PET','Plásticos','kg',1.164013,'Factor de emisiones evitadas derivado del workbook (columna de reducción neta), equivalente a 1.055975151 tCO2e por tonelada corta de material.','high','Workbook Emisiones Tipo Manejo (base WARM/EPA), reducción neta vs escenario de referencia.'),
  ('32000000-0000-0000-0000-000000000023','22222222-2222-2222-2222-222222222222','pp','PP','Plásticos','kg',0.897285,'Factor de emisiones evitadas derivado del workbook (columna de reducción neta), equivalente a 0.814002910 tCO2e por tonelada corta de material.','high','Workbook Emisiones Tipo Manejo (base WARM/EPA), reducción neta vs escenario de referencia.'),
  ('32000000-0000-0000-0000-000000000024','22222222-2222-2222-2222-222222222222','mezcla-de-plasticos','Mezcla de plásticos','Plásticos','kg',1.042542,'Factor de emisiones evitadas derivado del workbook (columna de reducción neta), equivalente a 0.945777926 tCO2e por tonelada corta de material.','medium','Workbook Emisiones Tipo Manejo (base WARM/EPA), reducción neta vs escenario de referencia.'),
  ('32000000-0000-0000-0000-000000000025','22222222-2222-2222-2222-222222222222','computadores-de-escritorio','Computadores de escritorio','Electrónicos','kg',1.661285,'Factor de emisiones evitadas derivado del workbook (columna de reducción neta), equivalente a 1.507092757 tCO2e por tonelada corta de material.','high','Workbook Emisiones Tipo Manejo (base WARM/EPA), reducción neta vs escenario de referencia.'),
  ('32000000-0000-0000-0000-000000000026','22222222-2222-2222-2222-222222222222','dispositivos-electronicos-portatiles','Dispositivos electrónicos portátiles','Electrónicos','kg',1.192726,'Factor de emisiones evitadas derivado del workbook (columna de reducción neta), equivalente a 1.082023150 tCO2e por tonelada corta de material.','high','Workbook Emisiones Tipo Manejo (base WARM/EPA), reducción neta vs escenario de referencia.'),
  ('32000000-0000-0000-0000-000000000027','22222222-2222-2222-2222-222222222222','pantallas-planas','Pantallas planas','Electrónicos','kg',1.116118,'Factor de emisiones evitadas derivado del workbook (columna de reducción neta), equivalente a 1.012524805 tCO2e por tonelada corta de material.','medium','Workbook Emisiones Tipo Manejo (base WARM/EPA), reducción neta vs escenario de referencia.'),
  ('32000000-0000-0000-0000-000000000028','22222222-2222-2222-2222-222222222222','pantallas-crt','Pantallas CRT','Electrónicos','kg',0.650142,'Factor de emisiones evitadas derivado del workbook (columna de reducción neta), equivalente a 0.589798768 tCO2e por tonelada corta de material.','medium','Workbook Emisiones Tipo Manejo (base WARM/EPA), reducción neta vs escenario de referencia.'),
  ('32000000-0000-0000-0000-000000000029','22222222-2222-2222-2222-222222222222','perifericos-electronicos','Periféricos electrónicos','Electrónicos','kg',0.423949,'Factor de emisiones evitadas derivado del workbook (columna de reducción neta), equivalente a 0.384600321 tCO2e por tonelada corta de material.','high','Workbook Emisiones Tipo Manejo (base WARM/EPA), reducción neta vs escenario de referencia.'),
  ('32000000-0000-0000-0000-000000000030','22222222-2222-2222-2222-222222222222','impresoras','Impresoras','Electrónicos','kg',0.636781,'Factor de emisiones evitadas derivado del workbook (columna de reducción neta), equivalente a 0.577678294 tCO2e por tonelada corta de material.','high','Workbook Emisiones Tipo Manejo (base WARM/EPA), reducción neta vs escenario de referencia.'),
  ('32000000-0000-0000-0000-000000000031','22222222-2222-2222-2222-222222222222','mezcla-de-electronicos','Mezcla de electrónicos','Electrónicos','kg',0.888007,'Factor de emisiones evitadas derivado del workbook (columna de reducción neta), equivalente a 0.805586239 tCO2e por tonelada corta de material.','medium','Workbook Emisiones Tipo Manejo (base WARM/EPA), reducción neta vs escenario de referencia.'),
  ('32000000-0000-0000-0000-000000000032','22222222-2222-2222-2222-222222222222','latas-de-aluminio','Latas de aluminio','Metales','kg',10.083539,'Factor de emisiones evitadas derivado del workbook (columna de reducción neta), equivalente a 9.147632681 tCO2e por tonelada corta de material.','high','Workbook Emisiones Tipo Manejo (base WARM/EPA), reducción neta vs escenario de referencia.'),
  ('32000000-0000-0000-0000-000000000033','22222222-2222-2222-2222-222222222222','lingotes-de-aluminio','Lingotes de aluminio','Metales','kg',7.963008,'Factor de emisiones evitadas derivado del workbook (columna de reducción neta), equivalente a 7.223919437 tCO2e por tonelada corta de material.','high','Workbook Emisiones Tipo Manejo (base WARM/EPA), reducción neta vs escenario de referencia.'),
  ('32000000-0000-0000-0000-000000000034','22222222-2222-2222-2222-222222222222','latas-de-acero','Latas de acero','Metales','kg',2.041844,'Factor de emisiones evitadas derivado del workbook (columna de reducción neta), equivalente a 1.852329937 tCO2e por tonelada corta de material.','high','Workbook Emisiones Tipo Manejo (base WARM/EPA), reducción neta vs escenario de referencia.'),
  ('32000000-0000-0000-0000-000000000035','22222222-2222-2222-2222-222222222222','cable-de-cobre','Cable de cobre','Metales','kg',4.970413,'Factor de emisiones evitadas derivado del workbook (columna de reducción neta), equivalente a 4.509083011 tCO2e por tonelada corta de material.','high','Workbook Emisiones Tipo Manejo (base WARM/EPA), reducción neta vs escenario de referencia.'),
  ('32000000-0000-0000-0000-000000000036','22222222-2222-2222-2222-222222222222','mezcla-de-metales','Mezcla de metales','Metales','kg',4.862753,'Factor de emisiones evitadas derivado del workbook (columna de reducción neta), equivalente a 4.411415193 tCO2e por tonelada corta de material.','medium','Workbook Emisiones Tipo Manejo (base WARM/EPA), reducción neta vs escenario de referencia.'),
  ('32000000-0000-0000-0000-000000000037','22222222-2222-2222-2222-222222222222','vidrio','Vidrio','Vidrio','kg',0.326664,'Factor de emisiones evitadas derivado del workbook (columna de reducción neta), equivalente a 0.296344696 tCO2e por tonelada corta de material.','high','Workbook Emisiones Tipo Manejo (base WARM/EPA), reducción neta vs escenario de referencia.'),
  ('32000000-0000-0000-0000-000000000038','22222222-2222-2222-2222-222222222222','hormigon-asfaltico','Hormigón asfáltico','Construcción','kg',0.111537,'Factor de emisiones evitadas derivado del workbook (columna de reducción neta), equivalente a 0.101184350 tCO2e por tonelada corta de material.','high','Workbook Emisiones Tipo Manejo (base WARM/EPA), reducción neta vs escenario de referencia.'),
  ('32000000-0000-0000-0000-000000000039','22222222-2222-2222-2222-222222222222','tejas-de-asfalto','Tejas de asfalto','Construcción','kg',0.121397,'Factor de emisiones evitadas derivado del workbook (columna de reducción neta), equivalente a 0.110129866 tCO2e por tonelada corta de material.','high','Workbook Emisiones Tipo Manejo (base WARM/EPA), reducción neta vs escenario de referencia.'),
  ('32000000-0000-0000-0000-000000000040','22222222-2222-2222-2222-222222222222','alfombras','Alfombras','Construcción','kg',2.647592,'Factor de emisiones evitadas derivado del workbook (columna de reducción neta), equivalente a 2.401854699 tCO2e por tonelada corta de material.','high','Workbook Emisiones Tipo Manejo (base WARM/EPA), reducción neta vs escenario de referencia.'),
  ('32000000-0000-0000-0000-000000000041','22222222-2222-2222-2222-222222222222','hormigon','Hormigón','Construcción','kg',0.031136,'Factor de emisiones evitadas derivado del workbook (columna de reducción neta), equivalente a 0.028246080 tCO2e por tonelada corta de material.','high','Workbook Emisiones Tipo Manejo (base WARM/EPA), reducción neta vs escenario de referencia.'),
  ('32000000-0000-0000-0000-000000000042','22222222-2222-2222-2222-222222222222','madera-dimensional','Madera dimensional','Construcción','kg',1.915742,'Factor de emisiones evitadas derivado del workbook (columna de reducción neta), equivalente a 1.737932341 tCO2e por tonelada corta de material.','high','Workbook Emisiones Tipo Manejo (base WARM/EPA), reducción neta vs escenario de referencia.'),
  ('32000000-0000-0000-0000-000000000043','22222222-2222-2222-2222-222222222222','cenizas-volantes','Cenizas volantes','Construcción','kg',0.976142,'Factor de emisiones evitadas derivado del workbook (columna de reducción neta), equivalente a 0.885540703 tCO2e por tonelada corta de material.','high','Workbook Emisiones Tipo Manejo (base WARM/EPA), reducción neta vs escenario de referencia.'),
  ('32000000-0000-0000-0000-000000000044','22222222-2222-2222-2222-222222222222','acero-estructural','Acero estructural','Metales','kg',2.148476,'Factor de emisiones evitadas derivado del workbook (columna de reducción neta), equivalente a 1.949064743 tCO2e por tonelada corta de material.','high','Workbook Emisiones Tipo Manejo (base WARM/EPA), reducción neta vs escenario de referencia.'),
  ('32000000-0000-0000-0000-000000000045','22222222-2222-2222-2222-222222222222','neumaticos','Neumáticos','Neumáticos','kg',0.437130,'Factor de emisiones evitadas derivado del workbook (columna de reducción neta), equivalente a 0.396558003 tCO2e por tonelada corta de material.','high','Workbook Emisiones Tipo Manejo (base WARM/EPA), reducción neta vs escenario de referencia.'),
  ('32000000-0000-0000-0000-000000000046','22222222-2222-2222-2222-222222222222','mezcla-de-reciclables','Mezcla de reciclables','Mixtos','kg',3.182888,'Factor de emisiones evitadas derivado del workbook (columna de reducción neta), equivalente a 2.887467697 tCO2e por tonelada corta de material.','medium','Workbook Emisiones Tipo Manejo (base WARM/EPA), reducción neta vs escenario de referencia.'),
  ('32000000-0000-0000-0000-000000000047','22222222-2222-2222-2222-222222222222','mezcla-organica','Mezcla orgánica','Orgánicos','kg',0.293924,'Factor de emisiones evitadas derivado del workbook (columna de reducción neta), equivalente a 0.266643614 tCO2e por tonelada corta de material.','medium','Workbook Emisiones Tipo Manejo (base WARM/EPA), reducción neta vs escenario de referencia.')
on conflict (id) do update set
  version_id = excluded.version_id,
  slug = excluded.slug,
  name = excluded.name,
  category = excluded.category,
  base_unit = excluded.base_unit,
  factor_kgco2e_per_base_unit = excluded.factor_kgco2e_per_base_unit,
  explanation = excluded.explanation,
  confidence = excluded.confidence,
  source_note = excluded.source_note,
  updated_at = now();

insert into public.resource_units (resource_id, unit_name, unit_symbol, to_base_factor, is_base)
values
  ('32000000-0000-0000-0000-000000000001','Kilogramo','kg',1.00000000,true),
  ('32000000-0000-0000-0000-000000000001','Libra','lb',0.45359237,false),
  ('32000000-0000-0000-0000-000000000001','Tonelada métrica','t',1000.00000000,false),
  ('32000000-0000-0000-0000-000000000001','Caja de cartón','caja',0.80000000,false),
  ('32000000-0000-0000-0000-000000000002','Kilogramo','kg',1.00000000,true),
  ('32000000-0000-0000-0000-000000000002','Libra','lb',0.45359237,false),
  ('32000000-0000-0000-0000-000000000002','Tonelada métrica','t',1000.00000000,false),
  ('32000000-0000-0000-0000-000000000002','Envase 1L','envase1l',0.03200000,false),
  ('32000000-0000-0000-0000-000000000003','Kilogramo','kg',1.00000000,true),
  ('32000000-0000-0000-0000-000000000003','Libra','lb',0.45359237,false),
  ('32000000-0000-0000-0000-000000000003','Tonelada métrica','t',1000.00000000,false),
  ('32000000-0000-0000-0000-000000000004','Kilogramo','kg',1.00000000,true),
  ('32000000-0000-0000-0000-000000000004','Libra','lb',0.45359237,false),
  ('32000000-0000-0000-0000-000000000004','Tonelada métrica','t',1000.00000000,false),
  ('32000000-0000-0000-0000-000000000004','Diario','diario',0.12000000,false),
  ('32000000-0000-0000-0000-000000000005','Kilogramo','kg',1.00000000,true),
  ('32000000-0000-0000-0000-000000000005','Libra','lb',0.45359237,false),
  ('32000000-0000-0000-0000-000000000005','Tonelada métrica','t',1000.00000000,false),
  ('32000000-0000-0000-0000-000000000005','Hoja oficio','hoja',0.00500000,false),
  ('32000000-0000-0000-0000-000000000006','Kilogramo','kg',1.00000000,true),
  ('32000000-0000-0000-0000-000000000006','Libra','lb',0.45359237,false),
  ('32000000-0000-0000-0000-000000000006','Tonelada métrica','t',1000.00000000,false),
  ('32000000-0000-0000-0000-000000000007','Kilogramo','kg',1.00000000,true),
  ('32000000-0000-0000-0000-000000000007','Libra','lb',0.45359237,false),
  ('32000000-0000-0000-0000-000000000007','Tonelada métrica','t',1000.00000000,false),
  ('32000000-0000-0000-0000-000000000008','Kilogramo','kg',1.00000000,true),
  ('32000000-0000-0000-0000-000000000008','Libra','lb',0.45359237,false),
  ('32000000-0000-0000-0000-000000000008','Tonelada métrica','t',1000.00000000,false),
  ('32000000-0000-0000-0000-000000000009','Kilogramo','kg',1.00000000,true),
  ('32000000-0000-0000-0000-000000000009','Libra','lb',0.45359237,false),
  ('32000000-0000-0000-0000-000000000009','Tonelada métrica','t',1000.00000000,false),
  ('32000000-0000-0000-0000-000000000010','Kilogramo','kg',1.00000000,true),
  ('32000000-0000-0000-0000-000000000010','Libra','lb',0.45359237,false),
  ('32000000-0000-0000-0000-000000000010','Tonelada métrica','t',1000.00000000,false),
  ('32000000-0000-0000-0000-000000000011','Kilogramo','kg',1.00000000,true),
  ('32000000-0000-0000-0000-000000000011','Libra','lb',0.45359237,false),
  ('32000000-0000-0000-0000-000000000011','Tonelada métrica','t',1000.00000000,false),
  ('32000000-0000-0000-0000-000000000012','Kilogramo','kg',1.00000000,true),
  ('32000000-0000-0000-0000-000000000012','Libra','lb',0.45359237,false),
  ('32000000-0000-0000-0000-000000000012','Tonelada métrica','t',1000.00000000,false),
  ('32000000-0000-0000-0000-000000000013','Kilogramo','kg',1.00000000,true),
  ('32000000-0000-0000-0000-000000000013','Libra','lb',0.45359237,false),
  ('32000000-0000-0000-0000-000000000013','Tonelada métrica','t',1000.00000000,false),
  ('32000000-0000-0000-0000-000000000014','Kilogramo','kg',1.00000000,true),
  ('32000000-0000-0000-0000-000000000014','Libra','lb',0.45359237,false),
  ('32000000-0000-0000-0000-000000000014','Tonelada métrica','t',1000.00000000,false),
  ('32000000-0000-0000-0000-000000000015','Kilogramo','kg',1.00000000,true),
  ('32000000-0000-0000-0000-000000000015','Libra','lb',0.45359237,false),
  ('32000000-0000-0000-0000-000000000015','Tonelada métrica','t',1000.00000000,false),
  ('32000000-0000-0000-0000-000000000016','Kilogramo','kg',1.00000000,true),
  ('32000000-0000-0000-0000-000000000016','Libra','lb',0.45359237,false),
  ('32000000-0000-0000-0000-000000000016','Tonelada métrica','t',1000.00000000,false),
  ('32000000-0000-0000-0000-000000000017','Kilogramo','kg',1.00000000,true),
  ('32000000-0000-0000-0000-000000000017','Libra','lb',0.45359237,false),
  ('32000000-0000-0000-0000-000000000017','Tonelada métrica','t',1000.00000000,false),
  ('32000000-0000-0000-0000-000000000018','Kilogramo','kg',1.00000000,true),
  ('32000000-0000-0000-0000-000000000018','Libra','lb',0.45359237,false),
  ('32000000-0000-0000-0000-000000000018','Tonelada métrica','t',1000.00000000,false),
  ('32000000-0000-0000-0000-000000000019','Kilogramo','kg',1.00000000,true),
  ('32000000-0000-0000-0000-000000000019','Libra','lb',0.45359237,false),
  ('32000000-0000-0000-0000-000000000019','Tonelada métrica','t',1000.00000000,false),
  ('32000000-0000-0000-0000-000000000020','Kilogramo','kg',1.00000000,true),
  ('32000000-0000-0000-0000-000000000020','Libra','lb',0.45359237,false),
  ('32000000-0000-0000-0000-000000000020','Tonelada métrica','t',1000.00000000,false),
  ('32000000-0000-0000-0000-000000000021','Kilogramo','kg',1.00000000,true),
  ('32000000-0000-0000-0000-000000000021','Libra','lb',0.45359237,false),
  ('32000000-0000-0000-0000-000000000021','Tonelada métrica','t',1000.00000000,false),
  ('32000000-0000-0000-0000-000000000021','Botella HDPE 1L','hdpe1l',0.06000000,false),
  ('32000000-0000-0000-0000-000000000022','Kilogramo','kg',1.00000000,true),
  ('32000000-0000-0000-0000-000000000022','Libra','lb',0.45359237,false),
  ('32000000-0000-0000-0000-000000000022','Tonelada métrica','t',1000.00000000,false),
  ('32000000-0000-0000-0000-000000000022','Botella PET 500ml','pet500',0.02500000,false),
  ('32000000-0000-0000-0000-000000000022','Botella PET 1L','pet1l',0.03800000,false),
  ('32000000-0000-0000-0000-000000000022','Botella PET 1.5L','pet15l',0.04500000,false),
  ('32000000-0000-0000-0000-000000000022','Botella PET 2L','pet2l',0.05500000,false),
  ('32000000-0000-0000-0000-000000000023','Kilogramo','kg',1.00000000,true),
  ('32000000-0000-0000-0000-000000000023','Libra','lb',0.45359237,false),
  ('32000000-0000-0000-0000-000000000023','Tonelada métrica','t',1000.00000000,false),
  ('32000000-0000-0000-0000-000000000023','Tapa plástica','tapa',0.00250000,false),
  ('32000000-0000-0000-0000-000000000024','Kilogramo','kg',1.00000000,true),
  ('32000000-0000-0000-0000-000000000024','Libra','lb',0.45359237,false),
  ('32000000-0000-0000-0000-000000000024','Tonelada métrica','t',1000.00000000,false),
  ('32000000-0000-0000-0000-000000000025','Kilogramo','kg',1.00000000,true),
  ('32000000-0000-0000-0000-000000000025','Libra','lb',0.45359237,false),
  ('32000000-0000-0000-0000-000000000025','Tonelada métrica','t',1000.00000000,false),
  ('32000000-0000-0000-0000-000000000025','Notebook/Laptop','laptop',2.00000000,false),
  ('32000000-0000-0000-0000-000000000025','CPU escritorio','cpu',7.50000000,false),
  ('32000000-0000-0000-0000-000000000026','Kilogramo','kg',1.00000000,true),
  ('32000000-0000-0000-0000-000000000026','Libra','lb',0.45359237,false),
  ('32000000-0000-0000-0000-000000000026','Tonelada métrica','t',1000.00000000,false),
  ('32000000-0000-0000-0000-000000000027','Kilogramo','kg',1.00000000,true),
  ('32000000-0000-0000-0000-000000000027','Libra','lb',0.45359237,false),
  ('32000000-0000-0000-0000-000000000027','Tonelada métrica','t',1000.00000000,false),
  ('32000000-0000-0000-0000-000000000028','Kilogramo','kg',1.00000000,true),
  ('32000000-0000-0000-0000-000000000028','Libra','lb',0.45359237,false),
  ('32000000-0000-0000-0000-000000000028','Tonelada métrica','t',1000.00000000,false),
  ('32000000-0000-0000-0000-000000000029','Kilogramo','kg',1.00000000,true),
  ('32000000-0000-0000-0000-000000000029','Libra','lb',0.45359237,false),
  ('32000000-0000-0000-0000-000000000029','Tonelada métrica','t',1000.00000000,false),
  ('32000000-0000-0000-0000-000000000030','Kilogramo','kg',1.00000000,true),
  ('32000000-0000-0000-0000-000000000030','Libra','lb',0.45359237,false),
  ('32000000-0000-0000-0000-000000000030','Tonelada métrica','t',1000.00000000,false),
  ('32000000-0000-0000-0000-000000000030','Impresora doméstica','impresora',6.00000000,false),
  ('32000000-0000-0000-0000-000000000031','Kilogramo','kg',1.00000000,true),
  ('32000000-0000-0000-0000-000000000031','Libra','lb',0.45359237,false),
  ('32000000-0000-0000-0000-000000000031','Tonelada métrica','t',1000.00000000,false),
  ('32000000-0000-0000-0000-000000000032','Kilogramo','kg',1.00000000,true),
  ('32000000-0000-0000-0000-000000000032','Libra','lb',0.45359237,false),
  ('32000000-0000-0000-0000-000000000032','Tonelada métrica','t',1000.00000000,false),
  ('32000000-0000-0000-0000-000000000032','Lata 350ml','lata350',0.01400000,false),
  ('32000000-0000-0000-0000-000000000032','Lata 200cc','lata200',0.00900000,false),
  ('32000000-0000-0000-0000-000000000033','Kilogramo','kg',1.00000000,true),
  ('32000000-0000-0000-0000-000000000033','Libra','lb',0.45359237,false),
  ('32000000-0000-0000-0000-000000000033','Tonelada métrica','t',1000.00000000,false),
  ('32000000-0000-0000-0000-000000000034','Kilogramo','kg',1.00000000,true),
  ('32000000-0000-0000-0000-000000000034','Libra','lb',0.45359237,false),
  ('32000000-0000-0000-0000-000000000034','Tonelada métrica','t',1000.00000000,false),
  ('32000000-0000-0000-0000-000000000034','Lata conserva','lata',0.03500000,false),
  ('32000000-0000-0000-0000-000000000035','Kilogramo','kg',1.00000000,true),
  ('32000000-0000-0000-0000-000000000035','Libra','lb',0.45359237,false),
  ('32000000-0000-0000-0000-000000000035','Tonelada métrica','t',1000.00000000,false),
  ('32000000-0000-0000-0000-000000000036','Kilogramo','kg',1.00000000,true),
  ('32000000-0000-0000-0000-000000000036','Libra','lb',0.45359237,false),
  ('32000000-0000-0000-0000-000000000036','Tonelada métrica','t',1000.00000000,false),
  ('32000000-0000-0000-0000-000000000037','Kilogramo','kg',1.00000000,true),
  ('32000000-0000-0000-0000-000000000037','Libra','lb',0.45359237,false),
  ('32000000-0000-0000-0000-000000000037','Tonelada métrica','t',1000.00000000,false),
  ('32000000-0000-0000-0000-000000000037','Botella vidrio','botella',0.40000000,false),
  ('32000000-0000-0000-0000-000000000037','Frasco vidrio','frasco',0.22000000,false),
  ('32000000-0000-0000-0000-000000000038','Kilogramo','kg',1.00000000,true),
  ('32000000-0000-0000-0000-000000000038','Libra','lb',0.45359237,false),
  ('32000000-0000-0000-0000-000000000038','Tonelada métrica','t',1000.00000000,false),
  ('32000000-0000-0000-0000-000000000039','Kilogramo','kg',1.00000000,true),
  ('32000000-0000-0000-0000-000000000039','Libra','lb',0.45359237,false),
  ('32000000-0000-0000-0000-000000000039','Tonelada métrica','t',1000.00000000,false),
  ('32000000-0000-0000-0000-000000000040','Kilogramo','kg',1.00000000,true),
  ('32000000-0000-0000-0000-000000000040','Libra','lb',0.45359237,false),
  ('32000000-0000-0000-0000-000000000040','Tonelada métrica','t',1000.00000000,false),
  ('32000000-0000-0000-0000-000000000041','Kilogramo','kg',1.00000000,true),
  ('32000000-0000-0000-0000-000000000041','Libra','lb',0.45359237,false),
  ('32000000-0000-0000-0000-000000000041','Tonelada métrica','t',1000.00000000,false),
  ('32000000-0000-0000-0000-000000000042','Kilogramo','kg',1.00000000,true),
  ('32000000-0000-0000-0000-000000000042','Libra','lb',0.45359237,false),
  ('32000000-0000-0000-0000-000000000042','Tonelada métrica','t',1000.00000000,false),
  ('32000000-0000-0000-0000-000000000043','Kilogramo','kg',1.00000000,true),
  ('32000000-0000-0000-0000-000000000043','Libra','lb',0.45359237,false),
  ('32000000-0000-0000-0000-000000000043','Tonelada métrica','t',1000.00000000,false),
  ('32000000-0000-0000-0000-000000000044','Kilogramo','kg',1.00000000,true),
  ('32000000-0000-0000-0000-000000000044','Libra','lb',0.45359237,false),
  ('32000000-0000-0000-0000-000000000044','Tonelada métrica','t',1000.00000000,false),
  ('32000000-0000-0000-0000-000000000045','Kilogramo','kg',1.00000000,true),
  ('32000000-0000-0000-0000-000000000045','Libra','lb',0.45359237,false),
  ('32000000-0000-0000-0000-000000000045','Tonelada métrica','t',1000.00000000,false),
  ('32000000-0000-0000-0000-000000000045','Neumático auto','neumatico',8.00000000,false),
  ('32000000-0000-0000-0000-000000000046','Kilogramo','kg',1.00000000,true),
  ('32000000-0000-0000-0000-000000000046','Libra','lb',0.45359237,false),
  ('32000000-0000-0000-0000-000000000046','Tonelada métrica','t',1000.00000000,false),
  ('32000000-0000-0000-0000-000000000047','Kilogramo','kg',1.00000000,true),
  ('32000000-0000-0000-0000-000000000047','Libra','lb',0.45359237,false),
  ('32000000-0000-0000-0000-000000000047','Tonelada métrica','t',1000.00000000,false)
on conflict (resource_id, unit_symbol) do update set
  unit_name = excluded.unit_name,
  to_base_factor = excluded.to_base_factor,
  is_base = excluded.is_base;

insert into public.resource_sources (resource_id, source_id)
select x.resource_id::uuid, x.source_id::uuid
from (values
  ('32000000-0000-0000-0000-000000000001','21000000-0000-0000-0000-000000000006'),
  ('32000000-0000-0000-0000-000000000001','21000000-0000-0000-0000-000000000004'),
  ('32000000-0000-0000-0000-000000000002','21000000-0000-0000-0000-000000000006'),
  ('32000000-0000-0000-0000-000000000002','21000000-0000-0000-0000-000000000004'),
  ('32000000-0000-0000-0000-000000000003','21000000-0000-0000-0000-000000000006'),
  ('32000000-0000-0000-0000-000000000003','21000000-0000-0000-0000-000000000004'),
  ('32000000-0000-0000-0000-000000000004','21000000-0000-0000-0000-000000000006'),
  ('32000000-0000-0000-0000-000000000004','21000000-0000-0000-0000-000000000004'),
  ('32000000-0000-0000-0000-000000000005','21000000-0000-0000-0000-000000000006'),
  ('32000000-0000-0000-0000-000000000005','21000000-0000-0000-0000-000000000004'),
  ('32000000-0000-0000-0000-000000000006','21000000-0000-0000-0000-000000000006'),
  ('32000000-0000-0000-0000-000000000006','21000000-0000-0000-0000-000000000004'),
  ('32000000-0000-0000-0000-000000000007','21000000-0000-0000-0000-000000000006'),
  ('32000000-0000-0000-0000-000000000007','21000000-0000-0000-0000-000000000004'),
  ('32000000-0000-0000-0000-000000000008','21000000-0000-0000-0000-000000000006'),
  ('32000000-0000-0000-0000-000000000008','21000000-0000-0000-0000-000000000004'),
  ('32000000-0000-0000-0000-000000000009','21000000-0000-0000-0000-000000000006'),
  ('32000000-0000-0000-0000-000000000009','21000000-0000-0000-0000-000000000004'),
  ('32000000-0000-0000-0000-000000000010','21000000-0000-0000-0000-000000000006'),
  ('32000000-0000-0000-0000-000000000010','21000000-0000-0000-0000-000000000004'),
  ('32000000-0000-0000-0000-000000000011','21000000-0000-0000-0000-000000000006'),
  ('32000000-0000-0000-0000-000000000011','21000000-0000-0000-0000-000000000004'),
  ('32000000-0000-0000-0000-000000000012','21000000-0000-0000-0000-000000000006'),
  ('32000000-0000-0000-0000-000000000012','21000000-0000-0000-0000-000000000004'),
  ('32000000-0000-0000-0000-000000000013','21000000-0000-0000-0000-000000000006'),
  ('32000000-0000-0000-0000-000000000013','21000000-0000-0000-0000-000000000004'),
  ('32000000-0000-0000-0000-000000000014','21000000-0000-0000-0000-000000000006'),
  ('32000000-0000-0000-0000-000000000014','21000000-0000-0000-0000-000000000004'),
  ('32000000-0000-0000-0000-000000000015','21000000-0000-0000-0000-000000000006'),
  ('32000000-0000-0000-0000-000000000015','21000000-0000-0000-0000-000000000004'),
  ('32000000-0000-0000-0000-000000000016','21000000-0000-0000-0000-000000000006'),
  ('32000000-0000-0000-0000-000000000016','21000000-0000-0000-0000-000000000004'),
  ('32000000-0000-0000-0000-000000000017','21000000-0000-0000-0000-000000000006'),
  ('32000000-0000-0000-0000-000000000017','21000000-0000-0000-0000-000000000004'),
  ('32000000-0000-0000-0000-000000000018','21000000-0000-0000-0000-000000000006'),
  ('32000000-0000-0000-0000-000000000018','21000000-0000-0000-0000-000000000004'),
  ('32000000-0000-0000-0000-000000000019','21000000-0000-0000-0000-000000000006'),
  ('32000000-0000-0000-0000-000000000019','21000000-0000-0000-0000-000000000004'),
  ('32000000-0000-0000-0000-000000000020','21000000-0000-0000-0000-000000000006'),
  ('32000000-0000-0000-0000-000000000020','21000000-0000-0000-0000-000000000004'),
  ('32000000-0000-0000-0000-000000000021','21000000-0000-0000-0000-000000000006'),
  ('32000000-0000-0000-0000-000000000021','21000000-0000-0000-0000-000000000004'),
  ('32000000-0000-0000-0000-000000000022','21000000-0000-0000-0000-000000000006'),
  ('32000000-0000-0000-0000-000000000022','21000000-0000-0000-0000-000000000004'),
  ('32000000-0000-0000-0000-000000000023','21000000-0000-0000-0000-000000000006'),
  ('32000000-0000-0000-0000-000000000023','21000000-0000-0000-0000-000000000004'),
  ('32000000-0000-0000-0000-000000000024','21000000-0000-0000-0000-000000000006'),
  ('32000000-0000-0000-0000-000000000024','21000000-0000-0000-0000-000000000004'),
  ('32000000-0000-0000-0000-000000000025','21000000-0000-0000-0000-000000000006'),
  ('32000000-0000-0000-0000-000000000025','21000000-0000-0000-0000-000000000004'),
  ('32000000-0000-0000-0000-000000000026','21000000-0000-0000-0000-000000000006'),
  ('32000000-0000-0000-0000-000000000026','21000000-0000-0000-0000-000000000004'),
  ('32000000-0000-0000-0000-000000000027','21000000-0000-0000-0000-000000000006'),
  ('32000000-0000-0000-0000-000000000027','21000000-0000-0000-0000-000000000004'),
  ('32000000-0000-0000-0000-000000000028','21000000-0000-0000-0000-000000000006'),
  ('32000000-0000-0000-0000-000000000028','21000000-0000-0000-0000-000000000004'),
  ('32000000-0000-0000-0000-000000000029','21000000-0000-0000-0000-000000000006'),
  ('32000000-0000-0000-0000-000000000029','21000000-0000-0000-0000-000000000004'),
  ('32000000-0000-0000-0000-000000000030','21000000-0000-0000-0000-000000000006'),
  ('32000000-0000-0000-0000-000000000030','21000000-0000-0000-0000-000000000004'),
  ('32000000-0000-0000-0000-000000000031','21000000-0000-0000-0000-000000000006'),
  ('32000000-0000-0000-0000-000000000031','21000000-0000-0000-0000-000000000004'),
  ('32000000-0000-0000-0000-000000000032','21000000-0000-0000-0000-000000000006'),
  ('32000000-0000-0000-0000-000000000032','21000000-0000-0000-0000-000000000004'),
  ('32000000-0000-0000-0000-000000000033','21000000-0000-0000-0000-000000000006'),
  ('32000000-0000-0000-0000-000000000033','21000000-0000-0000-0000-000000000004'),
  ('32000000-0000-0000-0000-000000000034','21000000-0000-0000-0000-000000000006'),
  ('32000000-0000-0000-0000-000000000034','21000000-0000-0000-0000-000000000004'),
  ('32000000-0000-0000-0000-000000000035','21000000-0000-0000-0000-000000000006'),
  ('32000000-0000-0000-0000-000000000035','21000000-0000-0000-0000-000000000004'),
  ('32000000-0000-0000-0000-000000000036','21000000-0000-0000-0000-000000000006'),
  ('32000000-0000-0000-0000-000000000036','21000000-0000-0000-0000-000000000004'),
  ('32000000-0000-0000-0000-000000000037','21000000-0000-0000-0000-000000000006'),
  ('32000000-0000-0000-0000-000000000037','21000000-0000-0000-0000-000000000004'),
  ('32000000-0000-0000-0000-000000000038','21000000-0000-0000-0000-000000000006'),
  ('32000000-0000-0000-0000-000000000038','21000000-0000-0000-0000-000000000004'),
  ('32000000-0000-0000-0000-000000000039','21000000-0000-0000-0000-000000000006'),
  ('32000000-0000-0000-0000-000000000039','21000000-0000-0000-0000-000000000004'),
  ('32000000-0000-0000-0000-000000000040','21000000-0000-0000-0000-000000000006'),
  ('32000000-0000-0000-0000-000000000040','21000000-0000-0000-0000-000000000004'),
  ('32000000-0000-0000-0000-000000000041','21000000-0000-0000-0000-000000000006'),
  ('32000000-0000-0000-0000-000000000041','21000000-0000-0000-0000-000000000004'),
  ('32000000-0000-0000-0000-000000000042','21000000-0000-0000-0000-000000000006'),
  ('32000000-0000-0000-0000-000000000042','21000000-0000-0000-0000-000000000004'),
  ('32000000-0000-0000-0000-000000000043','21000000-0000-0000-0000-000000000006'),
  ('32000000-0000-0000-0000-000000000043','21000000-0000-0000-0000-000000000004'),
  ('32000000-0000-0000-0000-000000000044','21000000-0000-0000-0000-000000000006'),
  ('32000000-0000-0000-0000-000000000044','21000000-0000-0000-0000-000000000004'),
  ('32000000-0000-0000-0000-000000000045','21000000-0000-0000-0000-000000000006'),
  ('32000000-0000-0000-0000-000000000045','21000000-0000-0000-0000-000000000004'),
  ('32000000-0000-0000-0000-000000000046','21000000-0000-0000-0000-000000000006'),
  ('32000000-0000-0000-0000-000000000046','21000000-0000-0000-0000-000000000004'),
  ('32000000-0000-0000-0000-000000000047','21000000-0000-0000-0000-000000000006'),
  ('32000000-0000-0000-0000-000000000047','21000000-0000-0000-0000-000000000004')
) as x(resource_id, source_id)
on conflict do nothing;

insert into public.equivalences (id, version_id, slug, title, output_unit, description, confidence, co2e_ton_per_unit, formula, is_demo)
values
  ('42000000-0000-0000-0000-000000000001','22222222-2222-2222-2222-222222222222','automoviles-gasolina-anio','Automóviles a gasolina fuera de circulación (1 año)','vehiculos','Emisiones anuales de un vehículo a gasolina promedio.','high',4.641035402000,'co2e_ton / 4.641035402000',false),
  ('42000000-0000-0000-0000-000000000002','22222222-2222-2222-2222-222222222222','km-vehiculo-gasolina','Kilómetros recorridos en vehículo a gasolina','km','Distancia equivalente recorrida por un vehículo a gasolina promedio.','high',0.000250330356,'co2e_ton / 0.000250330356',false),
  ('42000000-0000-0000-0000-000000000003','22222222-2222-2222-2222-222222222222','hogar-energia-anual','Energía consumida por un hogar (1 año)','hogares','Consumo energético anual promedio de un hogar.','high',3.752360519000,'co2e_ton / 3.752360519000',false),
  ('42000000-0000-0000-0000-000000000004','22222222-2222-2222-2222-222222222222','camion-cisterna-gasolina','Camiones cisterna de gasolina','camiones','Emisiones de un camión cisterna lleno de gasolina.','high',75.565000000000,'co2e_ton / 75.565000000000',false),
  ('42000000-0000-0000-0000-000000000005','22222222-2222-2222-2222-222222222222','litros-gasolina','Litros de gasolina','litros','Emisiones por combustión de gasolina en litros.','high',0.002347697029,'co2e_ton / 0.002347697029',false),
  ('42000000-0000-0000-0000-000000000006','22222222-2222-2222-2222-222222222222','balon-gas-8kg','Balones de gas de 8 kg','balones-8kg','Emisiones por un balón de GLP de 8 kg.','medium',0.024488524900,'co2e_ton / 0.024488524900',false),
  ('42000000-0000-0000-0000-000000000007','22222222-2222-2222-2222-222222222222','cargas-smartphone','Cargas de smartphone','cargas','Emisiones por carga completa de smartphone.','medium',0.000008220920,'co2e_ton / 0.000008220920',false),
  ('42000000-0000-0000-0000-000000000008','22222222-2222-2222-2222-222222222222','turbina-eolica-anio','Turbinas eólicas operando (1 año)','turbinas-anio','Emisiones evitadas por turbina eólica en un año.','high',3678.926562000000,'co2e_ton / 3678.926562000000',false),
  ('42000000-0000-0000-0000-000000000009','22222222-2222-2222-2222-222222222222','bombilla-led-reemplazo','Bombillas incandescentes reemplazadas por LED','bombillas','Emisiones evitadas por reemplazar una bombilla incandescente.','high',0.026384900660,'co2e_ton / 0.026384900660',false),
  ('42000000-0000-0000-0000-000000000010','22222222-2222-2222-2222-222222222222','arbol-urbano-10-anios','Árboles urbanos cultivados por 10 años','arboles','Secuestro equivalente por árbol urbano en 10 años.','high',0.060493513560,'co2e_ton / 0.060493513560',false),
  ('42000000-0000-0000-0000-000000000011','22222222-2222-2222-2222-222222222222','hectarea-bosque-anio','Hectáreas de bosque capturando CO2 (1 año)','hectareas','Secuestro anual por hectárea de bosque.','high',2.083920208000,'co2e_ton / 2.083920208000',false),
  ('42000000-0000-0000-0000-000000000012','22222222-2222-2222-2222-222222222222','automoviles-gasolina-mes','Automóviles a gasolina fuera de circulación (1 mes)','vehiculos-mes','1/12 de la equivalencia anual.','high',0.386752950167,'co2e_ton / 0.386752950167',false),
  ('42000000-0000-0000-0000-000000000013','22222222-2222-2222-2222-222222222222','automoviles-gasolina-dia','Automóviles a gasolina fuera de circulación (1 día)','vehiculos-dia','1/365 de la equivalencia anual.','high',0.012715165485,'co2e_ton / 0.012715165485',false),
  ('42000000-0000-0000-0000-000000000014','22222222-2222-2222-2222-222222222222','hogar-energia-mes','Energía consumida por un hogar (1 mes)','hogares-mes','1/12 de la equivalencia anual.','high',0.312696709917,'co2e_ton / 0.312696709917',false),
  ('42000000-0000-0000-0000-000000000015','22222222-2222-2222-2222-222222222222','hogar-energia-dia','Energía consumida por un hogar (1 día)','hogares-dia','1/365 de la equivalencia anual.','high',0.010280439778,'co2e_ton / 0.010280439778',false),
  ('42000000-0000-0000-0000-000000000016','22222222-2222-2222-2222-222222222222','galones-gasolina','Galones de gasolina','galones','Conversión de litros a galones de gasolina.','high',0.008886999999,'co2e_ton / 0.008886999999',false),
  ('42000000-0000-0000-0000-000000000017','22222222-2222-2222-2222-222222222222','barriles-gasolina','Barriles de gasolina','barriles','Conversión de galones a barriles (42 galones).','high',0.373253999951,'co2e_ton / 0.373253999951',false),
  ('42000000-0000-0000-0000-000000000018','22222222-2222-2222-2222-222222222222','balon-gas-15kg','Balones de gas de 15 kg','balones-15kg','Escalado proporcional desde balón de 8 kg.','medium',0.045915984188,'co2e_ton / 0.045915984188',false),
  ('42000000-0000-0000-0000-000000000019','22222222-2222-2222-2222-222222222222','balon-gas-45kg','Balones de gas de 45 kg','balones-45kg','Escalado proporcional desde balón de 8 kg.','medium',0.137747952562,'co2e_ton / 0.137747952562',false),
  ('42000000-0000-0000-0000-000000000020','22222222-2222-2222-2222-222222222222','cargas-smartphone-100','Lotes de 100 cargas de smartphone','lotes-100','100 cargas completas de smartphone.','medium',0.000822091989,'co2e_ton / 0.000822091989',false),
  ('42000000-0000-0000-0000-000000000021','22222222-2222-2222-2222-222222222222','cargas-smartphone-1000','Lotes de 1000 cargas de smartphone','lotes-1000','1000 cargas completas de smartphone.','medium',0.008220919895,'co2e_ton / 0.008220919895',false),
  ('42000000-0000-0000-0000-000000000022','22222222-2222-2222-2222-222222222222','cargas-smartphone-10000','Lotes de 10.000 cargas de smartphone','lotes-10000','10.000 cargas completas de smartphone.','medium',0.082209198950,'co2e_ton / 0.082209198950',false),
  ('42000000-0000-0000-0000-000000000023','22222222-2222-2222-2222-222222222222','turbina-eolica-mes','Turbinas eólicas operando (1 mes)','turbinas-mes','1/12 de la equivalencia anual.','high',306.577213500000,'co2e_ton / 306.577213500000',false),
  ('42000000-0000-0000-0000-000000000024','22222222-2222-2222-2222-222222222222','turbina-eolica-dia','Turbinas eólicas operando (1 día)','turbinas-dia','1/365 de la equivalencia anual.','high',10.079250854795,'co2e_ton / 10.079250854795',false),
  ('42000000-0000-0000-0000-000000000025','22222222-2222-2222-2222-222222222222','bombillas-led-10','Lotes de 10 bombillas LED reemplazadas','lotes-10-bombillas','10 reemplazos equivalentes.','high',0.263849006600,'co2e_ton / 0.263849006600',false),
  ('42000000-0000-0000-0000-000000000026','22222222-2222-2222-2222-222222222222','bombillas-led-100','Lotes de 100 bombillas LED reemplazadas','lotes-100-bombillas','100 reemplazos equivalentes.','high',2.638490066000,'co2e_ton / 2.638490066000',false),
  ('42000000-0000-0000-0000-000000000027','22222222-2222-2222-2222-222222222222','arbol-urbano-mes','Árboles urbanos (equivalencia mensual)','arboles-mes','10 años prorrateados por mes.','medium',0.000504112613,'co2e_ton / 0.000504112613',false),
  ('42000000-0000-0000-0000-000000000028','22222222-2222-2222-2222-222222222222','arbol-urbano-dia','Árboles urbanos (equivalencia diaria)','arboles-dia','10 años prorrateados por día.','medium',0.000016573565,'co2e_ton / 0.000016573565',false),
  ('42000000-0000-0000-0000-000000000029','22222222-2222-2222-2222-222222222222','hectarea-bosque-mes','Hectáreas de bosque capturando CO2 (1 mes)','hectareas-mes','1/12 de la equivalencia anual.','high',0.173660017333,'co2e_ton / 0.173660017333',false),
  ('42000000-0000-0000-0000-000000000030','22222222-2222-2222-2222-222222222222','hectarea-bosque-dia','Hectáreas de bosque capturando CO2 (1 día)','hectareas-dia','1/365 de la equivalencia anual.','high',0.005709370433,'co2e_ton / 0.005709370433',false),
  ('42000000-0000-0000-0000-000000000031','22222222-2222-2222-2222-222222222222','m2-bosque-anio','Metros cuadrados de bosque capturando CO2 (1 año)','m2','Conversión desde hectáreas a metros cuadrados.','high',0.000208392021,'co2e_ton / 0.000208392021',false),
  ('42000000-0000-0000-0000-000000000032','22222222-2222-2222-2222-222222222222','kwh-electricidad-ahorrada','Electricidad ahorrada','kwh','Factor EPA 2024 para electricidad usada: 3.94e-4 tCO2e/kWh.','high',0.000394000000,'co2e_ton / 0.000394000000',false),
  ('42000000-0000-0000-0000-000000000033','22222222-2222-2222-2222-222222222222','mwh-electricidad-ahorrada','Electricidad ahorrada','mwh','Conversión de kWh a MWh con factor EPA 2024.','high',0.394000000000,'co2e_ton / 0.394000000000',false),
  ('42000000-0000-0000-0000-000000000034','22222222-2222-2222-2222-222222222222','duchas-calientes-10-min','Duchas calientes de 10 minutos','duchas-10min','Supuesto: 90L por ducha, deltaT 25C, termo eléctrico (2.91 kWh/ducha).','medium',0.001146540000,'co2e_ton / 0.001146540000',false),
  ('42000000-0000-0000-0000-000000000035','22222222-2222-2222-2222-222222222222','duchas-calientes-5-min','Duchas calientes de 5 minutos','duchas-5min','Supuesto: 45L por ducha, deltaT 25C, termo eléctrico (1.455 kWh/ducha).','medium',0.000573270000,'co2e_ton / 0.000573270000',false),
  ('42000000-0000-0000-0000-000000000036','22222222-2222-2222-2222-222222222222','litros-agua-ahorrada','Agua potable ahorrada','litros-agua','Supuesto: intensidad energética de agua urbana de 0.52 kWh/m3.','low',0.000000204880,'co2e_ton / 0.000000204880',false),
  ('42000000-0000-0000-0000-000000000037','22222222-2222-2222-2222-222222222222','m3-agua-ahorrada','Agua potable ahorrada','m3-agua','Supuesto: intensidad energética de agua urbana de 0.52 kWh/m3.','low',0.000204880000,'co2e_ton / 0.000204880000',false),
  ('42000000-0000-0000-0000-000000000038','22222222-2222-2222-2222-222222222222','riego-jardin-2-dias','Riego de jardín por 2 días','riegos-2-dias','Supuesto: 200 L/día de riego residencial (400 L en 2 días).','low',0.000081952000,'co2e_ton / 0.000081952000',false),
  ('42000000-0000-0000-0000-000000000039','22222222-2222-2222-2222-222222222222','riego-goteo-hora','Riego por goteo (1 hora)','horas-riego-goteo','Supuesto: 100 L/h de riego por goteo residencial.','low',0.000020488000,'co2e_ton / 0.000020488000',false),
  ('42000000-0000-0000-0000-000000000040','22222222-2222-2222-2222-222222222222','ciclo-lavadora','Ciclos de lavadora','ciclos-lavadora','Supuesto: 0.5 kWh por ciclo residencial.','medium',0.000197000000,'co2e_ton / 0.000197000000',false),
  ('42000000-0000-0000-0000-000000000041','22222222-2222-2222-2222-222222222222','ciclo-secadora','Ciclos de secadora','ciclos-secadora','Supuesto: 2.5 kWh por ciclo residencial.','medium',0.000985000000,'co2e_ton / 0.000985000000',false),
  ('42000000-0000-0000-0000-000000000042','22222222-2222-2222-2222-222222222222','ciclo-lavavajillas','Ciclos de lavavajillas','ciclos-lavavajillas','Supuesto: 1.2 kWh por ciclo residencial.','medium',0.000472800000,'co2e_ton / 0.000472800000',false),
  ('42000000-0000-0000-0000-000000000043','22222222-2222-2222-2222-222222222222','horas-tv-led','Horas de TV LED','horas-tv-led','Supuesto: TV LED de 70W (0.07 kWh/h).','medium',0.000027580000,'co2e_ton / 0.000027580000',false),
  ('42000000-0000-0000-0000-000000000044','22222222-2222-2222-2222-222222222222','horas-notebook','Horas de notebook','horas-notebook','Supuesto: notebook en uso promedio de 60W (0.06 kWh/h).','medium',0.000023640000,'co2e_ton / 0.000023640000',false),
  ('42000000-0000-0000-0000-000000000045','22222222-2222-2222-2222-222222222222','cargas-notebook','Cargas completas de notebook','cargas-notebook','Supuesto: batería de 60 Wh por carga completa.','medium',0.000023640000,'co2e_ton / 0.000023640000',false),
  ('42000000-0000-0000-0000-000000000046','22222222-2222-2222-2222-222222222222','horas-ampolleta-led-9w','Horas de ampolleta LED 9W','horas-led-9w','Supuesto: LED de 9W (0.009 kWh/h).','high',0.000003546000,'co2e_ton / 0.000003546000',false),
  ('42000000-0000-0000-0000-000000000047','22222222-2222-2222-2222-222222222222','horas-aire-acondicionado','Horas de aire acondicionado split','horas-ac','Supuesto: split residencial de 1.2 kWh/h.','medium',0.000472800000,'co2e_ton / 0.000472800000',false),
  ('42000000-0000-0000-0000-000000000048','22222222-2222-2222-2222-222222222222','refrigerador-dia','Días de refrigerador','dias-refrigerador','Supuesto: refrigerador eficiente 1.2 kWh/día.','medium',0.000472800000,'co2e_ton / 0.000472800000',false),
  ('42000000-0000-0000-0000-000000000049','22222222-2222-2222-2222-222222222222','hervidor-1-litro','Hervidores de 1 litro','hervidos-1l','Supuesto: 0.11 kWh para hervir 1L de agua.','medium',0.000043340000,'co2e_ton / 0.000043340000',false),
  ('42000000-0000-0000-0000-000000000050','22222222-2222-2222-2222-222222222222','microondas-10-min','Usos de microondas de 10 minutos','usos-microondas-10min','Supuesto: microondas de 1.2 kW por 10 min (0.2 kWh).','medium',0.000078800000,'co2e_ton / 0.000078800000',false),
  ('42000000-0000-0000-0000-000000000051','22222222-2222-2222-2222-222222222222','router-wifi-dia','Días de router WiFi','dias-router','Supuesto: router 10W durante 24h (0.24 kWh/día).','medium',0.000094560000,'co2e_ton / 0.000094560000',false),
  ('42000000-0000-0000-0000-000000000052','22222222-2222-2222-2222-222222222222','alumbrado-publico-led-dia','Días de alumbrado público LED','dias-alumbrado-led','Supuesto: luminaria LED 100W durante 12h (1.2 kWh/día).','medium',0.000472800000,'co2e_ton / 0.000472800000',false),
  ('42000000-0000-0000-0000-000000000053','22222222-2222-2222-2222-222222222222','viajes-auto-10-km','Viajes en auto de 10 km','viajes-10km','Derivado del factor de kilómetros en auto a gasolina.','high',0.002503303560,'co2e_ton / 0.002503303560',false),
  ('42000000-0000-0000-0000-000000000054','22222222-2222-2222-2222-222222222222','viajes-auto-50-km','Viajes en auto de 50 km','viajes-50km','Derivado del factor de kilómetros en auto a gasolina.','high',0.012516517800,'co2e_ton / 0.012516517800',false),
  ('42000000-0000-0000-0000-000000000055','22222222-2222-2222-2222-222222222222','viajes-auto-100-km','Viajes en auto de 100 km','viajes-100km','Derivado del factor de kilómetros en auto a gasolina.','high',0.025033035600,'co2e_ton / 0.025033035600',false)
on conflict (id) do update set
  version_id = excluded.version_id,
  slug = excluded.slug,
  title = excluded.title,
  output_unit = excluded.output_unit,
  description = excluded.description,
  confidence = excluded.confidence,
  co2e_ton_per_unit = excluded.co2e_ton_per_unit,
  formula = excluded.formula,
  is_demo = excluded.is_demo,
  updated_at = now();

insert into public.equivalence_sources (equivalence_id, source_id)
select e.id, s.id
from public.equivalences e
join public.sources s on s.id in (
  '21000000-0000-0000-0000-000000000001',
  '21000000-0000-0000-0000-000000000002',
  '21000000-0000-0000-0000-000000000003',
  '21000000-0000-0000-0000-000000000005',
  '21000000-0000-0000-0000-000000000006',
  '21000000-0000-0000-0000-000000000007'
)
where e.version_id = '22222222-2222-2222-2222-222222222222'
on conflict do nothing;

commit;
